Müügiloa number;Müügiloa staatus;H/V;Pakendikood;Ravimi nimetus;Ravimi tugevus;Ravimvorm;ATC kood;Toimeaine;Pakendi suurus;Rp nõude liik;Müügiloa hoidja organisatsioon;Müügiloa hoidja organisatsiooni ORG ID;Ravimikaardi number;Ravimikaardi staatus;Ravimi liik;Toodetud ravimvorm;Manustatav ravimvorm;Ravimis sisalduv toimeaine;Ravimis sisalduva toimeaine tugevus;Referentstoimeaine;Referentstoimeaine tugevus;Toimeaine toimiv osa;Toimeaine toimiva osa tugevus;Manustamisviisid;Sisepakendi liik;Sisepakendi materjal;Pakendi komponendi liik;Pakendi komponendi materjal;Müügiloa hoidja organisatsiooni asukoha LOC ID
808213;Valid;H;1564118;ALNETA;10mg;Tablett;C08CA01;amlodipiin;28 Tablett;Retseptiravim;KRKA, d.d., Novo mesto;ORG-100000627;4196;Lõpetatud;Chemical Medicinal Product;;Tablett;amlodipiinbesilaat;13.87mg;amlodipiin;10mg;amlodipiin;10mg;Suukaudne;blister;Orientated PolyAmide, PolyVinyl Chloride, Aluminium;;;LOC-100009540
808213;Valid;H;1564152;ALNETA;10mg;Tablett;C08CA01;amlodipiin;84 Tablett;Retseptiravim;KRKA, d.d., Novo mesto;ORG-100000627;4196;Lõpetatud;Chemical Medicinal Product;;Tablett;amlodipiinbesilaat;13.87mg;amlodipiin;10mg;amlodipiin;10mg;Suukaudne;blister;PolyVinyl Chloride, Aluminium, Orientated PolyAmide;;;LOC-100009540
808213;Valid;H;1564185;ALNETA;10mg;Tablett;C08CA01;amlodipiin;100 Tablett;Retseptiravim;KRKA, d.d., Novo mesto;ORG-100000627;4196;Lõpetatud;Chemical Medicinal Product;;Tablett;amlodipiinbesilaat;13.87mg;amlodipiin;10mg;amlodipiin;10mg;Suukaudne;blister;PolyVinyl Chloride, Orientated PolyAmide, Aluminium;;;LOC-100009540
808213;Valid;H;1564163;ALNETA;10mg;Tablett;C08CA01;amlodipiin;90 Tablett;Retseptiravim;KRKA, d.d., Novo mesto;ORG-100000627;4196;Lõpetatud;Chemical Medicinal Product;;Tablett;amlodipiinbesilaat;13.87mg;amlodipiin;10mg;amlodipiin;10mg;Suukaudne;blister;PolyVinyl Chloride, Orientated PolyAmide, Aluminium;;;LOC-100009540
808213;Valid;H;1564174;ALNETA;10mg;Tablett;C08CA01;amlodipiin;98 Tablett;Retseptiravim;KRKA, d.d., Novo mesto;ORG-100000627;4196;Lõpetatud;Chemical Medicinal Product;;Tablett;amlodipiinbesilaat;13.87mg;amlodipiin;10mg;amlodipiin;10mg;Suukaudne;blister;Aluminium, Orientated PolyAmide, PolyVinyl Chloride;;;LOC-100009540
808213;Valid;H;1564141;ALNETA;10mg;Tablett;C08CA01;amlodipiin;60 Tablett;Retseptiravim;KRKA, d.d., Novo mesto;ORG-100000627;4196;Lõpetatud;Chemical Medicinal Product;;Tablett;amlodipiinbesilaat;13.87mg;amlodipiin;10mg;amlodipiin;10mg;Suukaudne;blister;Orientated PolyAmide, Aluminium, PolyVinyl Chloride;;;LOC-100009540
808213;Valid;H;1564130;ALNETA;10mg;Tablett;C08CA01;amlodipiin;56 Tablett;Retseptiravim;KRKA, d.d., Novo mesto;ORG-100000627;4196;Lõpetatud;Chemical Medicinal Product;;Tablett;amlodipiinbesilaat;13.87mg;amlodipiin;10mg;amlodipiin;10mg;Suukaudne;blister;Orientated PolyAmide, Aluminium, PolyVinyl Chloride;;;LOC-100009540
808213;Valid;H;1564129;ALNETA;10mg;Tablett;C08CA01;amlodipiin;30 Tablett;Retseptiravim;KRKA, d.d., Novo mesto;ORG-100000627;4196;Lõpetatud;Chemical Medicinal Product;;Tablett;amlodipiinbesilaat;13.87mg;amlodipiin;10mg;amlodipiin;10mg;Suukaudne;blister;Aluminium, PolyVinyl Chloride, Orientated PolyAmide;;;LOC-100009540
538707;Valid;H;1243044;AMLOCARD 10MG;10mg;Tablett;C08CA01;amlodipiin;20 Tablett;Retseptiravim;Hexal AG;ORG-100000313;2095;Lõpetatud;Chemical Medicinal Product;;Tablett;amlodipiinbesilaat;13.87mg;amlodipiin;10mg;amlodipiin;10mg;Suukaudne;Konteiner;Aluminium, PolyVinyl Chloride, Orientated PolyAmide, High Density PolyEthylene;;;LOC-100002475
538707;Valid;H;1730089;AMLOCARD 10MG;10mg;Tablett;C08CA01;amlodipiin;90 Tablett;Retseptiravim;Hexal AG;ORG-100000313;2095;Lõpetatud;Chemical Medicinal Product;;Tablett;amlodipiinbesilaat;13.87mg;amlodipiin;10mg;amlodipiin;10mg;Suukaudne;Konteiner;High Density PolyEthylene;;;LOC-100002475
538707;Valid;H;1243055;AMLOCARD 10MG;10mg;Tablett;C08CA01;amlodipiin;28 Tablett;Retseptiravim;Hexal AG;ORG-100000313;2095;Lõpetatud;Chemical Medicinal Product;;Tablett;amlodipiinbesilaat;13.87mg;amlodipiin;10mg;amlodipiin;10mg;Suukaudne;blister;Aluminium, Orientated PolyAmide, PolyVinyl Chloride;;;LOC-100002475
538707;Valid;H;1730090;AMLOCARD 10MG;10mg;Tablett;C08CA01;amlodipiin;105 Tablett;Retseptiravim;Hexal AG;ORG-100000313;2095;Lõpetatud;Chemical Medicinal Product;;Tablett;amlodipiinbesilaat;13.87mg;amlodipiin;10mg;amlodipiin;10mg;Suukaudne;Konteiner;High Density PolyEthylene;;;LOC-100002475
538707;Valid;H;1243077;AMLOCARD 10MG;10mg;Tablett;C08CA01;amlodipiin;50 Tablett;Retseptiravim;Hexal AG;ORG-100000313;2095;Lõpetatud;Chemical Medicinal Product;;Tablett;amlodipiinbesilaat;13.87mg;amlodipiin;10mg;amlodipiin;10mg;Suukaudne;Üksikannuseline blister;Orientated PolyAmide, PolyVinyl Chloride, High Density PolyEthylene, Aluminium;;;LOC-100002475
538707;Valid;H;1243099;AMLOCARD 10MG;10mg;Tablett;C08CA01;amlodipiin;100 Tablett;Retseptiravim;Hexal AG;ORG-100000313;2095;Lõpetatud;Chemical Medicinal Product;;Tablett;amlodipiinbesilaat;13.87mg;amlodipiin;10mg;amlodipiin;10mg;Suukaudne;Konteiner;PolyVinyl Chloride, High Density PolyEthylene, Orientated PolyAmide, Aluminium;;;LOC-100002475
538707;Valid;H;1243101;AMLOCARD 10MG;10mg;Tablett;C08CA01;amlodipiin;120 Tablett;Retseptiravim;Hexal AG;ORG-100000313;2095;Lõpetatud;Chemical Medicinal Product;;Tablett;amlodipiinbesilaat;13.87mg;amlodipiin;10mg;amlodipiin;10mg;Suukaudne;Konteiner;High Density PolyEthylene, Aluminium, PolyVinyl Chloride, Orientated PolyAmide;;;LOC-100002475
538707;Valid;H;1243123;AMLOCARD 10MG;10mg;Tablett;C08CA01;amlodipiin;250 Tablett;Retseptiravim;Hexal AG;ORG-100000313;2095;Lõpetatud;Chemical Medicinal Product;;Tablett;amlodipiinbesilaat;13.87mg;amlodipiin;10mg;amlodipiin;10mg;Suukaudne;Konteiner;High Density PolyEthylene;;;LOC-100002475
538707;Valid;H;1243033;AMLOCARD 10MG;10mg;Tablett;C08CA01;amlodipiin;14 Tablett;Retseptiravim;Hexal AG;ORG-100000313;2095;Lõpetatud;Chemical Medicinal Product;;Tablett;amlodipiinbesilaat;13.87mg;amlodipiin;10mg;amlodipiin;10mg;Suukaudne;blister;Aluminium, PolyVinyl Chloride, Orientated PolyAmide;;;LOC-100002475
538707;Valid;H;1087905;AMLOCARD 10MG;10mg;Tablett;C08CA01;amlodipiin;30 Tablett;Retseptiravim;Hexal AG;ORG-100000313;2095;Lõpetatud;Chemical Medicinal Product;;Tablett;amlodipiinbesilaat;13.87mg;amlodipiin;10mg;amlodipiin;10mg;Suukaudne;Konteiner;Aluminium, PolyVinyl Chloride, High Density PolyEthylene, Orientated PolyAmide;;;LOC-100002475
538707;Valid;H;1243088;AMLOCARD 10MG;10mg;Tablett;C08CA01;amlodipiin;60 Tablett;Retseptiravim;Hexal AG;ORG-100000313;2095;Lõpetatud;Chemical Medicinal Product;;Tablett;amlodipiinbesilaat;13.87mg;amlodipiin;10mg;amlodipiin;10mg;Suukaudne;Konteiner;PolyVinyl Chloride, Orientated PolyAmide, High Density PolyEthylene, Aluminium;;;LOC-100002475
538707;Valid;H;1243022;AMLOCARD 10MG;10mg;Tablett;C08CA01;amlodipiin;10 Tablett;Retseptiravim;Hexal AG;ORG-100000313;2095;Lõpetatud;Chemical Medicinal Product;;Tablett;amlodipiinbesilaat;13.87mg;amlodipiin;10mg;amlodipiin;10mg;Suukaudne;blister;Orientated PolyAmide, PolyVinyl Chloride, Aluminium;;;LOC-100002475
538707;Valid;H;1243112;AMLOCARD 10MG;10mg;Tablett;C08CA01;amlodipiin;200 Tablett;Retseptiravim;Hexal AG;ORG-100000313;2095;Lõpetatud;Chemical Medicinal Product;;Tablett;amlodipiinbesilaat;13.87mg;amlodipiin;10mg;amlodipiin;10mg;Suukaudne;Konteiner;High Density PolyEthylene;;;LOC-100002475
527106;Valid;H;1241525;AMLODIGAMMA 10MG;10mg;Tablett;C08CA01;amlodipiin;50 Tablett;Retseptiravim;Woerwag Pharma GmbH & Co. KG;ORG-100000454;2086;Lõpetatud;Chemical Medicinal Product;;Tablett;amlodipiinbesilaat;13.87mg;amlodipiin;10mg;amlodipiin;10mg;Suukaudne;;;;;LOC-100054619
527106;Valid;H;1241558;AMLODIGAMMA 10MG;10mg;Tablett;C08CA01;amlodipiin;300 Tablett;Retseptiravim;Woerwag Pharma GmbH & Co. KG;ORG-100000454;2086;Lõpetatud;Chemical Medicinal Product;;Tablett;amlodipiinbesilaat;13.87mg;amlodipiin;10mg;amlodipiin;10mg;Suukaudne;blister;High Density PolyEthylene;;;LOC-100054619
527106;Valid;H;1241503;AMLODIGAMMA 10MG;10mg;Tablett;C08CA01;amlodipiin;28 Tablett;Retseptiravim;Woerwag Pharma GmbH & Co. KG;ORG-100000454;2086;Lõpetatud;Chemical Medicinal Product;;Tablett;amlodipiinbesilaat;13.87mg;amlodipiin;10mg;amlodipiin;10mg;Suukaudne;;;;;LOC-100054619
527106;Valid;H;1241514;AMLODIGAMMA 10MG;10mg;Tablett;C08CA01;amlodipiin;30 Tablett;Retseptiravim;Woerwag Pharma GmbH & Co. KG;ORG-100000454;2086;Lõpetatud;Chemical Medicinal Product;;Tablett;amlodipiinbesilaat;13.87mg;amlodipiin;10mg;amlodipiin;10mg;Suukaudne;;;;;LOC-100054619
527106;Valid;H;1241536;AMLODIGAMMA 10MG;10mg;Tablett;C08CA01;amlodipiin;98 Tablett;Retseptiravim;Woerwag Pharma GmbH & Co. KG;ORG-100000454;2086;Lõpetatud;Chemical Medicinal Product;;Tablett;amlodipiinbesilaat;13.87mg;amlodipiin;10mg;amlodipiin;10mg;Suukaudne;;;;;LOC-100054619
527106;Valid;H;1241547;AMLODIGAMMA 10MG;10mg;Tablett;C08CA01;amlodipiin;100 Tablett;Retseptiravim;Woerwag Pharma GmbH & Co. KG;ORG-100000454;2086;Lõpetatud;Chemical Medicinal Product;;Tablett;amlodipiinbesilaat;13.87mg;amlodipiin;10mg;amlodipiin;10mg;Suukaudne;blister;High Density PolyEthylene;;;LOC-100054619
527106;Valid;H;1241480;AMLODIGAMMA 10MG;10mg;Tablett;C08CA01;amlodipiin;10 Tablett;Retseptiravim;Woerwag Pharma GmbH & Co. KG;ORG-100000454;2086;Lõpetatud;Chemical Medicinal Product;;Tablett;amlodipiinbesilaat;13.87mg;amlodipiin;10mg;amlodipiin;10mg;Suukaudne;pudel;PolyVinyl Chloride, High Density PolyEthylene, PolyVinylidene Chloride, Aluminium;;;LOC-100054619
527106;Valid;H;1241491;AMLODIGAMMA 10MG;10mg;Tablett;C08CA01;amlodipiin;20 Tablett;Retseptiravim;Woerwag Pharma GmbH & Co. KG;ORG-100000454;2086;Lõpetatud;Chemical Medicinal Product;;Tablett;amlodipiinbesilaat;13.87mg;amlodipiin;10mg;amlodipiin;10mg;Suukaudne;;;;;LOC-100054619
527106;Valid;H;1241569;AMLODIGAMMA 10MG;10mg;Tablett;C08CA01;amlodipiin;500 Tablett;Retseptiravim;Woerwag Pharma GmbH & Co. KG;ORG-100000454;2086;Lõpetatud;Chemical Medicinal Product;;Tablett;amlodipiinbesilaat;13.87mg;amlodipiin;10mg;amlodipiin;10mg;Suukaudne;blister;High Density PolyEthylene;;;LOC-100054619
537207;Valid;H;1252145;AMLODIPIN-RATIOPHARM 10 MG;10mg;Tablett;C08CA01;amlodipiin;90 Tablett;Retseptiravim;Ratiopharm GmbH;ORG-100001437;2155;Lõpetatud;Chemical Medicinal Product;;Tablett;amlodipiinbesilaat;13.87mg;amlodipiin;10mg;amlodipiin;10mg;Suukaudne;blister;PolyVinylidene Chloride, Aluminium, PolyVinyl Chloride;;;LOC-100006906
537207;Valid;H;1109810;AMLODIPIN-RATIOPHARM 10 MG;10mg;Tablett;C08CA01;amlodipiin;20 Tablett;Retseptiravim;Ratiopharm GmbH;ORG-100001437;2155;Lõpetatud;Chemical Medicinal Product;;Tablett;amlodipiinbesilaat;13.87mg;amlodipiin;10mg;amlodipiin;10mg;Suukaudne;blister;Aluminium, PolyVinyl Chloride, PolyVinylidene Chloride;;;LOC-100006906
537207;Valid;H;1252077;AMLODIPIN-RATIOPHARM 10 MG;10mg;Tablett;C08CA01;amlodipiin;14 Tablett;Retseptiravim;Ratiopharm GmbH;ORG-100001437;2155;Lõpetatud;Chemical Medicinal Product;;Tablett;amlodipiinbesilaat;13.87mg;amlodipiin;10mg;amlodipiin;10mg;Suukaudne;blister;PolyVinyl Chloride, PolyVinylidene Chloride, Aluminium;;;LOC-100006906
537207;Valid;H;1252099;AMLODIPIN-RATIOPHARM 10 MG;10mg;Tablett;C08CA01;amlodipiin;28 Tablett;Retseptiravim;Ratiopharm GmbH;ORG-100001437;2155;Lõpetatud;Chemical Medicinal Product;;Tablett;amlodipiinbesilaat;13.87mg;amlodipiin;10mg;amlodipiin;10mg;Suukaudne;blister;PolyVinylidene Chloride, Aluminium, PolyVinyl Chloride;;;LOC-100006906
537207;Valid;H;1252123;AMLODIPIN-RATIOPHARM 10 MG;10mg;Tablett;C08CA01;amlodipiin;56 Tablett;Retseptiravim;Ratiopharm GmbH;ORG-100001437;2155;Lõpetatud;Chemical Medicinal Product;;Tablett;amlodipiinbesilaat;13.87mg;amlodipiin;10mg;amlodipiin;10mg;Suukaudne;blister;PolyVinylidene Chloride, PolyVinyl Chloride, Aluminium;;;LOC-100006906
537207;Valid;H;1252178;AMLODIPIN-RATIOPHARM 10 MG;10mg;Tablett;C08CA01;amlodipiin;200 Tablett;Retseptiravim;Ratiopharm GmbH;ORG-100001437;2155;Lõpetatud;Chemical Medicinal Product;;Tablett;amlodipiinbesilaat;13.87mg;amlodipiin;10mg;amlodipiin;10mg;Suukaudne;blister;PolyVinylidene Chloride, PolyVinyl Chloride, Aluminium;;;LOC-100006906
537207;Valid;H;1109821;AMLODIPIN-RATIOPHARM 10 MG;10mg;Tablett;C08CA01;amlodipiin;50 Tablett;Retseptiravim;Ratiopharm GmbH;ORG-100001437;2155;Lõpetatud;Chemical Medicinal Product;;Tablett;amlodipiinbesilaat;13.87mg;amlodipiin;10mg;amlodipiin;10mg;Suukaudne;blister;PolyVinylidene Chloride, PolyVinyl Chloride, Aluminium;;;LOC-100006906
537207;Valid;H;1109832;AMLODIPIN-RATIOPHARM 10 MG;10mg;Tablett;C08CA01;amlodipiin;98 Tablett;Retseptiravim;Ratiopharm GmbH;ORG-100001437;2155;Lõpetatud;Chemical Medicinal Product;;Tablett;amlodipiinbesilaat;13.87mg;amlodipiin;10mg;amlodipiin;10mg;Suukaudne;blister;Aluminium, PolyVinyl Chloride, PolyVinylidene Chloride;;;LOC-100006906
537207;Valid;H;1109843;AMLODIPIN-RATIOPHARM 10 MG;10mg;Tablett;C08CA01;amlodipiin;100 Tablett;Retseptiravim;Ratiopharm GmbH;ORG-100001437;2155;Lõpetatud;Chemical Medicinal Product;;Tablett;amlodipiinbesilaat;13.87mg;amlodipiin;10mg;amlodipiin;10mg;Suukaudne;blister;PolyVinylidene Chloride, High Density PolyEthylene, Aluminium, PolyVinyl Chloride;;;LOC-100006906
537207;Valid;H;1252189;AMLODIPIN-RATIOPHARM 10 MG;10mg;Tablett;C08CA01;amlodipiin;250 Tablett;Retseptiravim;Ratiopharm GmbH;ORG-100001437;2155;Lõpetatud;Chemical Medicinal Product;;Tablett;amlodipiinbesilaat;13.87mg;amlodipiin;10mg;amlodipiin;10mg;Suukaudne;blister;PolyVinyl Chloride, High Density PolyEthylene, Aluminium, PolyVinylidene Chloride;;;LOC-100006906
537207;Valid;H;1252134;AMLODIPIN-RATIOPHARM 10 MG;10mg;Tablett;C08CA01;amlodipiin;60 Tablett;Retseptiravim;Ratiopharm GmbH;ORG-100001437;2155;Lõpetatud;Chemical Medicinal Product;;Tablett;amlodipiinbesilaat;13.87mg;amlodipiin;10mg;amlodipiin;10mg;Suukaudne;blister;PolyVinylidene Chloride, PolyVinyl Chloride, Aluminium;;;LOC-100006906
537207;Valid;H;1147003;AMLODIPIN-RATIOPHARM 10 MG;10mg;Tablett;C08CA01;amlodipiin;30 Tablett;Retseptiravim;Ratiopharm GmbH;ORG-100001437;2155;Lõpetatud;Chemical Medicinal Product;;Tablett;amlodipiinbesilaat;13.87mg;amlodipiin;10mg;amlodipiin;10mg;Suukaudne;blister;Aluminium, PolyVinyl Chloride, PolyVinylidene Chloride;;;LOC-100006906
537207;Valid;H;1252066;AMLODIPIN-RATIOPHARM 10 MG;10mg;Tablett;C08CA01;amlodipiin;10 Tablett;Retseptiravim;Ratiopharm GmbH;ORG-100001437;2155;Lõpetatud;Chemical Medicinal Product;;Tablett;amlodipiinbesilaat;13.87mg;amlodipiin;10mg;amlodipiin;10mg;Suukaudne;blister;Aluminium, PolyVinyl Chloride, PolyVinylidene Chloride;;;LOC-100006906
567207;Valid;H;1295748;AMLODIPINE MEDOCHEMIE;10mg;Tablett;C08CA01;amlodipiin;30 Tablett;Retseptiravim;Medochemie Limited;MO11501;2394;Lõpetatud;Chemical Medicinal Product;;Tablett;amlodipiinbesilaat;13.87mg;amlodipiin;10mg;amlodipiin;10mg;Suukaudne;blister;PolyVinylidene Chloride, Aluminium, PolyEthylene, PolyVinyl Chloride;;;ML11502
589308;Valid;H;1647367;AMLODIPINE TEVA;10mg;Tablett;C08CA01;amlodipiin;250 Tablett;Retseptiravim;Teva Pharma B.V.;ORG-100000229;9145;Lõpetatud;Chemical Medicinal Product;;Tablett;amlodipiinbesilaat;13.87mg;amlodipiin;10mg;amlodipiin;10mg;Suukaudne;pudel;PolyVinyl Chloride, High Density PolyEthylene, PolyVinylidene Chloride, Aluminium;;;LOC-100005270
589308;Valid;H;1318913;AMLODIPINE TEVA;10mg;Tablett;C08CA01;amlodipiin;14 Tablett;Retseptiravim;Teva Pharma B.V.;ORG-100000229;9145;Lõpetatud;Chemical Medicinal Product;;Tablett;amlodipiinbesilaat;13.87mg;amlodipiin;10mg;amlodipiin;10mg;Suukaudne;blister;PolyVinyl Chloride, PolyVinylidene Chloride, Aluminium;;;LOC-100005270
589308;Valid;H;1318924;AMLODIPINE TEVA;10mg;Tablett;C08CA01;amlodipiin;20 Tablett;Retseptiravim;Teva Pharma B.V.;ORG-100000229;9145;Lõpetatud;Chemical Medicinal Product;;Tablett;amlodipiinbesilaat;13.87mg;amlodipiin;10mg;amlodipiin;10mg;Suukaudne;blister;PolyVinylidene Chloride, PolyVinyl Chloride, Aluminium;;;LOC-100005270
589308;Valid;H;1318935;AMLODIPINE TEVA;10mg;Tablett;C08CA01;amlodipiin;28 Tablett;Retseptiravim;Teva Pharma B.V.;ORG-100000229;9145;Lõpetatud;Chemical Medicinal Product;;Tablett;amlodipiinbesilaat;13.87mg;amlodipiin;10mg;amlodipiin;10mg;Suukaudne;blister;PolyVinyl Chloride, PolyVinylidene Chloride, Aluminium;;;LOC-100005270
589308;Valid;H;1647356;AMLODIPINE TEVA;10mg;Tablett;C08CA01;amlodipiin;200 Tablett;Retseptiravim;Teva Pharma B.V.;ORG-100000229;9145;Lõpetatud;Chemical Medicinal Product;;Tablett;amlodipiinbesilaat;13.87mg;amlodipiin;10mg;amlodipiin;10mg;Suukaudne;blister;PolyVinylidene Chloride, Aluminium, High Density PolyEthylene, PolyVinyl Chloride;;;LOC-100005270
589308;Valid;H;1318946;AMLODIPINE TEVA;10mg;Tablett;C08CA01;amlodipiin;30 Tablett;Retseptiravim;Teva Pharma B.V.;ORG-100000229;9145;Lõpetatud;Chemical Medicinal Product;;Tablett;amlodipiinbesilaat;13.87mg;amlodipiin;10mg;amlodipiin;10mg;Suukaudne;blister;Aluminium, PolyVinyl Chloride, High Density PolyEthylene, PolyVinylidene Chloride;;;LOC-100005270
589308;Valid;H;1318957;AMLODIPINE TEVA;10mg;Tablett;C08CA01;amlodipiin;50 Tablett;Retseptiravim;Teva Pharma B.V.;ORG-100000229;9145;Lõpetatud;Chemical Medicinal Product;;Tablett;amlodipiinbesilaat;13.87mg;amlodipiin;10mg;amlodipiin;10mg;Suukaudne;blister;Aluminium, PolyVinyl Chloride, PolyVinylidene Chloride;;;LOC-100005270
589308;Valid;H;1318968;AMLODIPINE TEVA;10mg;Tablett;C08CA01;amlodipiin;56 Tablett;Retseptiravim;Teva Pharma B.V.;ORG-100000229;9145;Lõpetatud;Chemical Medicinal Product;;Tablett;amlodipiinbesilaat;13.87mg;amlodipiin;10mg;amlodipiin;10mg;Suukaudne;blister;Aluminium, PolyVinylidene Chloride, PolyVinyl Chloride;;;LOC-100005270
589308;Valid;H;1318979;AMLODIPINE TEVA;10mg;Tablett;C08CA01;amlodipiin;84 Tablett;Retseptiravim;Teva Pharma B.V.;ORG-100000229;9145;Lõpetatud;Chemical Medicinal Product;;Tablett;amlodipiinbesilaat;13.87mg;amlodipiin;10mg;amlodipiin;10mg;Suukaudne;blister;Aluminium, PolyVinylidene Chloride, PolyVinyl Chloride;;;LOC-100005270
589308;Valid;H;1318980;AMLODIPINE TEVA;10mg;Tablett;C08CA01;amlodipiin;90 Tablett;Retseptiravim;Teva Pharma B.V.;ORG-100000229;9145;Lõpetatud;Chemical Medicinal Product;;Tablett;amlodipiinbesilaat;13.87mg;amlodipiin;10mg;amlodipiin;10mg;Suukaudne;blister;PolyVinylidene Chloride, Aluminium, PolyVinyl Chloride;;;LOC-100005270
589308;Valid;H;1318991;AMLODIPINE TEVA;10mg;Tablett;C08CA01;amlodipiin;98 Tablett;Retseptiravim;Teva Pharma B.V.;ORG-100000229;9145;Lõpetatud;Chemical Medicinal Product;;Tablett;amlodipiinbesilaat;13.87mg;amlodipiin;10mg;amlodipiin;10mg;Suukaudne;blister;Aluminium, PolyVinylidene Chloride, PolyVinyl Chloride, High Density PolyEthylene;;;LOC-100005270
589308;Valid;H;1319004;AMLODIPINE TEVA;10mg;Tablett;C08CA01;amlodipiin;100 Tablett;Retseptiravim;Teva Pharma B.V.;ORG-100000229;9145;Lõpetatud;Chemical Medicinal Product;;Tablett;amlodipiinbesilaat;13.87mg;amlodipiin;10mg;amlodipiin;10mg;Suukaudne;pudel;Aluminium, High Density PolyEthylene, PolyVinylidene Chloride, PolyVinyl Chloride;;;LOC-100005270
589308;Valid;H;1319015;AMLODIPINE TEVA;10mg;Tablett;C08CA01;amlodipiin;112 Tablett;Retseptiravim;Teva Pharma B.V.;ORG-100000229;9145;Lõpetatud;Chemical Medicinal Product;;Tablett;amlodipiinbesilaat;13.87mg;amlodipiin;10mg;amlodipiin;10mg;Suukaudne;blister;PolyVinyl Chloride, Aluminium, PolyVinylidene Chloride;;;LOC-100005270
589308;Valid;H;1319026;AMLODIPINE TEVA;10mg;Tablett;C08CA01;amlodipiin;15 Tablett;Retseptiravim;Teva Pharma B.V.;ORG-100000229;9145;Lõpetatud;Chemical Medicinal Product;;Tablett;amlodipiinbesilaat;13.87mg;amlodipiin;10mg;amlodipiin;10mg;Suukaudne;blister;PolyVinyl Chloride, Aluminium, PolyVinylidene Chloride;;;LOC-100005270
589308;Valid;H;1701740;AMLODIPINE TEVA;10mg;Tablett;C08CA01;amlodipiin;120 Tablett;Retseptiravim;Teva Pharma B.V.;ORG-100000229;9145;Lõpetatud;Chemical Medicinal Product;;Tablett;amlodipiinbesilaat;13.87mg;amlodipiin;10mg;amlodipiin;10mg;Suukaudne;blister;PolyVinyl Chloride, PolyVinylidene Chloride, Aluminium;;;LOC-100005270
744411;Valid;H;1445419;AMLODIPINE VITABALANS;10mg;Tablett;C08CA01;amlodipiin;100 Tablett;Retseptiravim;Vitabalans Oy;MO193;3287;Lõpetatud;Chemical Medicinal Product;;Tablett;amlodipiinbesilaat;13.87mg;amlodipiin;10mg;amlodipiin;10mg;Suukaudne;blister;PolyVinyl Chloride, PolyVinylidene Chloride, Aluminium;;;ML194
744411;Valid;H;1865718;AMLODIPINE VITABALANS;10mg;Tablett;C08CA01;amlodipiin;90 Tablett;Retseptiravim;Vitabalans Oy;MO193;3287;Lõpetatud;Chemical Medicinal Product;;Tablett;amlodipiinbesilaat;13.87mg;amlodipiin;10mg;amlodipiin;10mg;Suukaudne;blister;PolyVinylidene Chloride, PolyVinyl Chloride, Aluminium;;;ML194
744411;Valid;H;1445396;AMLODIPINE VITABALANS;10mg;Tablett;C08CA01;amlodipiin;30 Tablett;Retseptiravim;Vitabalans Oy;MO193;3287;Lõpetatud;Chemical Medicinal Product;;Tablett;amlodipiinbesilaat;13.87mg;amlodipiin;10mg;amlodipiin;10mg;Suukaudne;blister;PolyVinylidene Chloride, PolyVinyl Chloride, Aluminium;;;ML194
744411;Valid;H;1445408;AMLODIPINE VITABALANS;10mg;Tablett;C08CA01;amlodipiin;60 Tablett;Retseptiravim;Vitabalans Oy;MO193;3287;Lõpetatud;Chemical Medicinal Product;;Tablett;amlodipiinbesilaat;13.87mg;amlodipiin;10mg;amlodipiin;10mg;Suukaudne;blister;Aluminium, PolyVinylidene Chloride, PolyVinyl Chloride;;;ML194
176397;Valid;H;1553688;NORVASC;10mg;Tablett;C08CA01;amlodipiin;4 Tablett;Retseptiravim;Upjohn EESV;ORG-100023206;241;Lõpetatud;Chemical Medicinal Product;;Tablett;amlodipiinbesilaat;13.87mg;amlodipiin;10mg;amlodipiin;10mg;Suukaudne;blister;PolyVinyl Chloride, PolyVinylidene Chloride, Aluminium;;;LOC-100032008
942417;Valid;H;1738605;NORVASC;10mg;Tablett;C08CA01;amlodipiin;4 Tablett;Retseptiravim;First Pharma OÜ;ORG-100009587;6160;Lõpetatud;Chemical Medicinal Product;;Tablett;amlodipiinbesilaat;13.87mg;amlodipiin;10mg;amlodipiin;10mg;Suukaudne;blister;PolyVinylidene Chloride, Aluminium, PolyVinyl Chloride;;;LOC-100055675
942417;Valid;H;1738694;NORVASC;10mg;Tablett;C08CA01;amlodipiin;100 Tablett;Retseptiravim;First Pharma OÜ;ORG-100009587;6160;Lõpetatud;Chemical Medicinal Product;;Tablett;amlodipiinbesilaat;13.87mg;amlodipiin;10mg;amlodipiin;10mg;Suukaudne;blister;Aluminium, PolyVinylidene Chloride, PolyVinyl Chloride;;;LOC-100055675
176397;Valid;H;1553712;NORVASC;10mg;Tablett;C08CA01;amlodipiin;20 Tablett;Retseptiravim;Upjohn EESV;ORG-100023206;241;Lõpetatud;Chemical Medicinal Product;;Tablett;amlodipiinbesilaat;13.87mg;amlodipiin;10mg;amlodipiin;10mg;Suukaudne;blister;PolyVinylidene Chloride, PolyVinyl Chloride, Aluminium;;;LOC-100032008
176397;Valid;H;1553778;NORVASC;10mg;Tablett;C08CA01;amlodipiin;100 Tablett;Retseptiravim;Upjohn EESV;ORG-100023206;241;Lõpetatud;Chemical Medicinal Product;;Tablett;amlodipiinbesilaat;13.87mg;amlodipiin;10mg;amlodipiin;10mg;Suukaudne;blister;Aluminium, PolyVinyl Chloride, PolyVinylidene Chloride;;;LOC-100032008
942417;Valid;H;1738638;NORVASC;10mg;Tablett;C08CA01;amlodipiin;20 Tablett;Retseptiravim;First Pharma OÜ;ORG-100009587;6160;Lõpetatud;Chemical Medicinal Product;;Tablett;amlodipiinbesilaat;13.87mg;amlodipiin;10mg;amlodipiin;10mg;Suukaudne;blister;Aluminium, PolyVinyl Chloride, PolyVinylidene Chloride;;;LOC-100055675
942417;Valid;H;1738649;NORVASC;10mg;Tablett;C08CA01;amlodipiin;28 Tablett;Retseptiravim;First Pharma OÜ;ORG-100009587;6160;Lõpetatud;Chemical Medicinal Product;;Tablett;amlodipiinbesilaat;13.87mg;amlodipiin;10mg;amlodipiin;10mg;Suukaudne;blister;PolyVinyl Chloride, Aluminium, PolyVinylidene Chloride;;;LOC-100055675
942417;Valid;H;1738672;NORVASC;10mg;Tablett;C08CA01;amlodipiin;90 Tablett;Retseptiravim;First Pharma OÜ;ORG-100009587;6160;Lõpetatud;Chemical Medicinal Product;;Tablett;amlodipiinbesilaat;13.87mg;amlodipiin;10mg;amlodipiin;10mg;Suukaudne;blister;PolyVinylidene Chloride, Aluminium, PolyVinyl Chloride;;;LOC-100055675
942417;Valid;H;1738661;NORVASC;10mg;Tablett;C08CA01;amlodipiin;60 Tablett;Retseptiravim;First Pharma OÜ;ORG-100009587;6160;Lõpetatud;Chemical Medicinal Product;;Tablett;amlodipiinbesilaat;13.87mg;amlodipiin;10mg;amlodipiin;10mg;Suukaudne;blister;PolyVinyl Chloride, Aluminium, PolyVinylidene Chloride;;;LOC-100055675
942417;Valid;H;1738683;NORVASC;10mg;Tablett;C08CA01;amlodipiin;98 Tablett;Retseptiravim;First Pharma OÜ;ORG-100009587;6160;Lõpetatud;Chemical Medicinal Product;;Tablett;amlodipiinbesilaat;13.87mg;amlodipiin;10mg;amlodipiin;10mg;Suukaudne;blister;Aluminium, PolyVinylidene Chloride, PolyVinyl Chloride;;;LOC-100055675
1017320;Valid;H;1830596;NORVASC;10mg;Tablett;C08CA01;amlodipiin;30 Tablett;Retseptiravim;Ideal Trade Links UAB;ORG-100010645;7864;Lõpetatud;Chemical Medicinal Product;;Tablett;amlodipiinbesilaat;13.87mg;amlodipiin;10mg;amlodipiin;10mg;Suukaudne;blister;PolyVinylidene Chloride, Aluminium, PolyVinyl Chloride;;;LOC-100044049
942417;Valid;H;1738616;NORVASC;10mg;Tablett;C08CA01;amlodipiin;10 Tablett;Retseptiravim;First Pharma OÜ;ORG-100009587;6160;Lõpetatud;Chemical Medicinal Product;;Tablett;amlodipiinbesilaat;13.87mg;amlodipiin;10mg;amlodipiin;10mg;Suukaudne;blister;PolyVinyl Chloride, Aluminium, PolyVinylidene Chloride;;;LOC-100055675
942417;Valid;H;1738627;NORVASC;10mg;Tablett;C08CA01;amlodipiin;14 Tablett;Retseptiravim;First Pharma OÜ;ORG-100009587;6160;Lõpetatud;Chemical Medicinal Product;;Tablett;amlodipiinbesilaat;13.87mg;amlodipiin;10mg;amlodipiin;10mg;Suukaudne;blister;Aluminium, PolyVinylidene Chloride, PolyVinyl Chloride;;;LOC-100055675
942417;Valid;H;1738650;NORVASC;10mg;Tablett;C08CA01;amlodipiin;50 Tablett;Retseptiravim;First Pharma OÜ;ORG-100009587;6160;Lõpetatud;Chemical Medicinal Product;;Tablett;amlodipiinbesilaat;13.87mg;amlodipiin;10mg;amlodipiin;10mg;Suukaudne;blister;PolyVinyl Chloride, PolyVinylidene Chloride, Aluminium;;;LOC-100055675
176397;Valid;H;1553701;NORVASC;10mg;Tablett;C08CA01;amlodipiin;14 Tablett;Retseptiravim;Upjohn EESV;ORG-100023206;241;Lõpetatud;Chemical Medicinal Product;;Tablett;amlodipiinbesilaat;13.87mg;amlodipiin;10mg;amlodipiin;10mg;Suukaudne;blister;PolyVinylidene Chloride, PolyVinyl Chloride, Aluminium;;;LOC-100032008
176397;Valid;H;1553734;NORVASC;10mg;Tablett;C08CA01;amlodipiin;50 Tablett;Retseptiravim;Upjohn EESV;ORG-100023206;241;Lõpetatud;Chemical Medicinal Product;;Tablett;amlodipiinbesilaat;13.87mg;amlodipiin;10mg;amlodipiin;10mg;Suukaudne;blister;Aluminium, PolyVinyl Chloride, PolyVinylidene Chloride;;;LOC-100032008
176397;Valid;H;1553756;NORVASC;10mg;Tablett;C08CA01;amlodipiin;90 Tablett;Retseptiravim;Upjohn EESV;ORG-100023206;241;Lõpetatud;Chemical Medicinal Product;;Tablett;amlodipiinbesilaat;13.87mg;amlodipiin;10mg;amlodipiin;10mg;Suukaudne;blister;Aluminium, PolyVinylidene Chloride, PolyVinyl Chloride;;;LOC-100032008
176397;Valid;H;1018527;NORVASC;10mg;Tablett;C08CA01;amlodipiin;30 Tablett;Retseptiravim;Upjohn EESV;ORG-100023206;241;Lõpetatud;Chemical Medicinal Product;;Tablett;amlodipiinbesilaat;13.87mg;amlodipiin;10mg;amlodipiin;10mg;Suukaudne;blister;PolyVinylidene Chloride, Aluminium, PolyVinyl Chloride;;;LOC-100032008
176397;Valid;H;1553699;NORVASC;10mg;Tablett;C08CA01;amlodipiin;10 Tablett;Retseptiravim;Upjohn EESV;ORG-100023206;241;Lõpetatud;Chemical Medicinal Product;;Tablett;amlodipiinbesilaat;13.87mg;amlodipiin;10mg;amlodipiin;10mg;Suukaudne;blister;Aluminium, PolyVinyl Chloride, PolyVinylidene Chloride;;;LOC-100032008
176397;Valid;H;1553723;NORVASC;10mg;Tablett;C08CA01;amlodipiin;28 Tablett;Retseptiravim;Upjohn EESV;ORG-100023206;241;Lõpetatud;Chemical Medicinal Product;;Tablett;amlodipiinbesilaat;13.87mg;amlodipiin;10mg;amlodipiin;10mg;Suukaudne;blister;PolyVinyl Chloride, PolyVinylidene Chloride, Aluminium;;;LOC-100032008
176397;Valid;H;1553767;NORVASC;10mg;Tablett;C08CA01;amlodipiin;98 Tablett;Retseptiravim;Upjohn EESV;ORG-100023206;241;Lõpetatud;Chemical Medicinal Product;;Tablett;amlodipiinbesilaat;13.87mg;amlodipiin;10mg;amlodipiin;10mg;Suukaudne;blister;PolyVinylidene Chloride, PolyVinyl Chloride, Aluminium;;;LOC-100032008
176397;Valid;H;1553789;NORVASC;10mg;Tablett;C08CA01;amlodipiin;300 Tablett;Retseptiravim;Upjohn EESV;ORG-100023206;241;Lõpetatud;Chemical Medicinal Product;;Tablett;amlodipiinbesilaat;13.87mg;amlodipiin;10mg;amlodipiin;10mg;Suukaudne;blister;PolyVinyl Chloride, PolyVinylidene Chloride, Aluminium;;;LOC-100032008
942417;Valid;H;1738717;NORVASC;10mg;Tablett;C08CA01;amlodipiin;500 Tablett;Retseptiravim;First Pharma OÜ;ORG-100009587;6160;Lõpetatud;Chemical Medicinal Product;;Tablett;amlodipiinbesilaat;13.87mg;amlodipiin;10mg;amlodipiin;10mg;Suukaudne;blister;Aluminium, PolyVinyl Chloride, PolyVinylidene Chloride;;;LOC-100055675
942417;Valid;H;1738728;NORVASC;10mg;Tablett;C08CA01;amlodipiin;30 Tablett;Retseptiravim;First Pharma OÜ;ORG-100009587;6160;Lõpetatud;Chemical Medicinal Product;;Tablett;amlodipiinbesilaat;13.87mg;amlodipiin;10mg;amlodipiin;10mg;Suukaudne;blister;PolyVinylidene Chloride, Aluminium, PolyVinyl Chloride;;;LOC-100055675
942417;Valid;H;1738706;NORVASC;10mg;Tablett;C08CA01;amlodipiin;300 Tablett;Retseptiravim;First Pharma OÜ;ORG-100009587;6160;Lõpetatud;Chemical Medicinal Product;;Tablett;amlodipiinbesilaat;13.87mg;amlodipiin;10mg;amlodipiin;10mg;Suukaudne;blister;PolyVinyl Chloride, Aluminium, PolyVinylidene Chloride;;;LOC-100055675
176397;Valid;H;1553745;NORVASC;10mg;Tablett;C08CA01;amlodipiin;60 Tablett;Retseptiravim;Upjohn EESV;ORG-100023206;241;Lõpetatud;Chemical Medicinal Product;;Tablett;amlodipiinbesilaat;13.87mg;amlodipiin;10mg;amlodipiin;10mg;Suukaudne;blister;Aluminium, PolyVinyl Chloride, PolyVinylidene Chloride;;;LOC-100032008
176397;Valid;H;1553790;NORVASC;10mg;Tablett;C08CA01;amlodipiin;500 Tablett;Retseptiravim;Upjohn EESV;ORG-100023206;241;Lõpetatud;Chemical Medicinal Product;;Tablett;amlodipiinbesilaat;13.87mg;amlodipiin;10mg;amlodipiin;10mg;Suukaudne;blister;Aluminium, PolyVinyl Chloride, PolyVinylidene Chloride;;;LOC-100032008
808113;Valid;H;1564062;ALNETA;5mg;Tablett;C08CA01;amlodipiin;60 Tablett;Retseptiravim;KRKA, d.d., Novo mesto;ORG-100000627;4195;Lõpetatud;Chemical Medicinal Product;;Tablett;amlodipiinbesilaat;6.94mg;amlodipiin;5mg;amlodipiin;5mg;Suukaudne;blister;PolyVinyl Chloride, Orientated PolyAmide, Aluminium;;;LOC-100009540
808113;Valid;H;1564040;ALNETA;5mg;Tablett;C08CA01;amlodipiin;30 Tablett;Retseptiravim;KRKA, d.d., Novo mesto;ORG-100000627;4195;Lõpetatud;Chemical Medicinal Product;;Tablett;amlodipiinbesilaat;6.94mg;amlodipiin;5mg;amlodipiin;5mg;Suukaudne;blister;PolyVinyl Chloride, Orientated PolyAmide, Aluminium;;;LOC-100009540
808113;Valid;H;1564084;ALNETA;5mg;Tablett;C08CA01;amlodipiin;90 Tablett;Retseptiravim;KRKA, d.d., Novo mesto;ORG-100000627;4195;Lõpetatud;Chemical Medicinal Product;;Tablett;amlodipiinbesilaat;6.94mg;amlodipiin;5mg;amlodipiin;5mg;Suukaudne;blister;PolyVinyl Chloride, Orientated PolyAmide, Aluminium;;;LOC-100009540
808113;Valid;H;1564095;ALNETA;5mg;Tablett;C08CA01;amlodipiin;98 Tablett;Retseptiravim;KRKA, d.d., Novo mesto;ORG-100000627;4195;Lõpetatud;Chemical Medicinal Product;;Tablett;amlodipiinbesilaat;6.94mg;amlodipiin;5mg;amlodipiin;5mg;Suukaudne;blister;Aluminium, Orientated PolyAmide, PolyVinyl Chloride;;;LOC-100009540
808113;Valid;H;1564039;ALNETA;5mg;Tablett;C08CA01;amlodipiin;28 Tablett;Retseptiravim;KRKA, d.d., Novo mesto;ORG-100000627;4195;Lõpetatud;Chemical Medicinal Product;;Tablett;amlodipiinbesilaat;6.94mg;amlodipiin;5mg;amlodipiin;5mg;Suukaudne;blister;PolyVinyl Chloride, Orientated PolyAmide, Aluminium;;;LOC-100009540
808113;Valid;H;1564051;ALNETA;5mg;Tablett;C08CA01;amlodipiin;56 Tablett;Retseptiravim;KRKA, d.d., Novo mesto;ORG-100000627;4195;Lõpetatud;Chemical Medicinal Product;;Tablett;amlodipiinbesilaat;6.94mg;amlodipiin;5mg;amlodipiin;5mg;Suukaudne;blister;Aluminium, Orientated PolyAmide, PolyVinyl Chloride;;;LOC-100009540
808113;Valid;H;1564073;ALNETA;5mg;Tablett;C08CA01;amlodipiin;84 Tablett;Retseptiravim;KRKA, d.d., Novo mesto;ORG-100000627;4195;Lõpetatud;Chemical Medicinal Product;;Tablett;amlodipiinbesilaat;6.94mg;amlodipiin;5mg;amlodipiin;5mg;Suukaudne;blister;Orientated PolyAmide, Aluminium, PolyVinyl Chloride;;;LOC-100009540
808113;Valid;H;1564107;ALNETA;5mg;Tablett;C08CA01;amlodipiin;100 Tablett;Retseptiravim;KRKA, d.d., Novo mesto;ORG-100000627;4195;Lõpetatud;Chemical Medicinal Product;;Tablett;amlodipiinbesilaat;6.94mg;amlodipiin;5mg;amlodipiin;5mg;Suukaudne;blister;Aluminium, Orientated PolyAmide, PolyVinyl Chloride;;;LOC-100009540
538507;Valid;H;1242818;AMLOCARD 5 MG;5mg;Tablett;C08CA01;amlodipiin;14 Tablett;Retseptiravim;Hexal AG;ORG-100000313;2094;Lõpetatud;Chemical Medicinal Product;;Tablett;amlodipiinbesilaat;6.94mg;amlodipiin;5mg;amlodipiin;5mg;Suukaudne;blister;Aluminium, Orientated PolyAmide, PolyVinyl Chloride;;;LOC-100002475
538507;Valid;H;1242829;AMLOCARD 5 MG;5mg;Tablett;C08CA01;amlodipiin;20 Tablett;Retseptiravim;Hexal AG;ORG-100000313;2094;Lõpetatud;Chemical Medicinal Product;;Tablett;amlodipiinbesilaat;6.94mg;amlodipiin;5mg;amlodipiin;5mg;Suukaudne;Konteiner;PolyVinyl Chloride, High Density PolyEthylene, Orientated PolyAmide, Aluminium;;;LOC-100002475
538507;Valid;H;1730067;AMLOCARD 5 MG;5mg;Tablett;C08CA01;amlodipiin;90 Tablett;Retseptiravim;Hexal AG;ORG-100000313;2094;Lõpetatud;Chemical Medicinal Product;;Tablett;amlodipiinbesilaat;6.94mg;amlodipiin;5mg;amlodipiin;5mg;Suukaudne;Konteiner;High Density PolyEthylene;;;LOC-100002475
538507;Valid;H;1087871;AMLOCARD 5 MG;5mg;Tablett;C08CA01;amlodipiin;30 Tablett;Retseptiravim;Hexal AG;ORG-100000313;2094;Lõpetatud;Chemical Medicinal Product;;Tablett;amlodipiinbesilaat;6.94mg;amlodipiin;5mg;amlodipiin;5mg;Suukaudne;Konteiner;Orientated PolyAmide, Aluminium, PolyVinyl Chloride, High Density PolyEthylene;;;LOC-100002475
538507;Valid;H;1242807;AMLOCARD 5 MG;5mg;Tablett;C08CA01;amlodipiin;10 Tablett;Retseptiravim;Hexal AG;ORG-100000313;2094;Lõpetatud;Chemical Medicinal Product;;Tablett;amlodipiinbesilaat;6.94mg;amlodipiin;5mg;amlodipiin;5mg;Suukaudne;blister;Aluminium, PolyVinyl Chloride, Orientated PolyAmide;;;LOC-100002475
538507;Valid;H;1242830;AMLOCARD 5 MG;5mg;Tablett;C08CA01;amlodipiin;28 Tablett;Retseptiravim;Hexal AG;ORG-100000313;2094;Lõpetatud;Chemical Medicinal Product;;Tablett;amlodipiinbesilaat;6.94mg;amlodipiin;5mg;amlodipiin;5mg;Suukaudne;blister;PolyVinyl Chloride, Aluminium, Orientated PolyAmide;;;LOC-100002475
538507;Valid;H;1242896;AMLOCARD 5 MG;5mg;Tablett;C08CA01;amlodipiin;200 Tablett;Retseptiravim;Hexal AG;ORG-100000313;2094;Lõpetatud;Chemical Medicinal Product;;Tablett;amlodipiinbesilaat;6.94mg;amlodipiin;5mg;amlodipiin;5mg;Suukaudne;Konteiner;High Density PolyEthylene;;;LOC-100002475
538507;Valid;H;1730078;AMLOCARD 5 MG;5mg;Tablett;C08CA01;amlodipiin;105 Tablett;Retseptiravim;Hexal AG;ORG-100000313;2094;Lõpetatud;Chemical Medicinal Product;;Tablett;amlodipiinbesilaat;6.94mg;amlodipiin;5mg;amlodipiin;5mg;Suukaudne;Konteiner;High Density PolyEthylene;;;LOC-100002475
538507;Valid;H;1242852;AMLOCARD 5 MG;5mg;Tablett;C08CA01;amlodipiin;50 Tablett;Retseptiravim;Hexal AG;ORG-100000313;2094;Lõpetatud;Chemical Medicinal Product;;Tablett;amlodipiinbesilaat;6.94mg;amlodipiin;5mg;amlodipiin;5mg;Suukaudne;Üksikannuseline blister;PolyVinyl Chloride, Aluminium, High Density PolyEthylene, Orientated PolyAmide;;;LOC-100002475
538507;Valid;H;1242863;AMLOCARD 5 MG;5mg;Tablett;C08CA01;amlodipiin;60 Tablett;Retseptiravim;Hexal AG;ORG-100000313;2094;Lõpetatud;Chemical Medicinal Product;;Tablett;amlodipiinbesilaat;6.94mg;amlodipiin;5mg;amlodipiin;5mg;Suukaudne;Konteiner;Orientated PolyAmide, Aluminium, PolyVinyl Chloride, High Density PolyEthylene;;;LOC-100002475
538507;Valid;H;1242885;AMLOCARD 5 MG;5mg;Tablett;C08CA01;amlodipiin;120 Tablett;Retseptiravim;Hexal AG;ORG-100000313;2094;Lõpetatud;Chemical Medicinal Product;;Tablett;amlodipiinbesilaat;6.94mg;amlodipiin;5mg;amlodipiin;5mg;Suukaudne;Konteiner;High Density PolyEthylene, PolyVinyl Chloride, Aluminium, Orientated PolyAmide;;;LOC-100002475
538507;Valid;H;1242874;AMLOCARD 5 MG;5mg;Tablett;C08CA01;amlodipiin;100 Tablett;Retseptiravim;Hexal AG;ORG-100000313;2094;Lõpetatud;Chemical Medicinal Product;;Tablett;amlodipiinbesilaat;6.94mg;amlodipiin;5mg;amlodipiin;5mg;Suukaudne;Konteiner;High Density PolyEthylene, PolyVinyl Chloride, Aluminium, Orientated PolyAmide;;;LOC-100002475
538507;Valid;H;1242908;AMLOCARD 5 MG;5mg;Tablett;C08CA01;amlodipiin;250 Tablett;Retseptiravim;Hexal AG;ORG-100000313;2094;Lõpetatud;Chemical Medicinal Product;;Tablett;amlodipiinbesilaat;6.94mg;amlodipiin;5mg;amlodipiin;5mg;Suukaudne;Konteiner;High Density PolyEthylene;;;LOC-100002475
527206;Valid;H;1241390;AMLODIGAMMA 5MG;5mg;Tablett;C08CA01;amlodipiin;10 Tablett;Retseptiravim;Woerwag Pharma GmbH & Co. KG;ORG-100000454;2085;Lõpetatud;Chemical Medicinal Product;;Tablett;amlodipiinbesilaat;6.94mg;amlodipiin;5mg;amlodipiin;5mg;Suukaudne;pudel;PolyVinylidene Chloride, Aluminium, PolyVinyl Chloride, High Density PolyEthylene;;;LOC-100054619
527206;Valid;H;1241402;AMLODIGAMMA 5MG;5mg;Tablett;C08CA01;amlodipiin;20 Tablett;Retseptiravim;Woerwag Pharma GmbH & Co. KG;ORG-100000454;2085;Lõpetatud;Chemical Medicinal Product;;Tablett;amlodipiinbesilaat;6.94mg;amlodipiin;5mg;amlodipiin;5mg;Suukaudne;;;;;LOC-100054619
527206;Valid;H;1241413;AMLODIGAMMA 5MG;5mg;Tablett;C08CA01;amlodipiin;28 Tablett;Retseptiravim;Woerwag Pharma GmbH & Co. KG;ORG-100000454;2085;Lõpetatud;Chemical Medicinal Product;;Tablett;amlodipiinbesilaat;6.94mg;amlodipiin;5mg;amlodipiin;5mg;Suukaudne;;;;;LOC-100054619
527206;Valid;H;1241424;AMLODIGAMMA 5MG;5mg;Tablett;C08CA01;amlodipiin;30 Tablett;Retseptiravim;Woerwag Pharma GmbH & Co. KG;ORG-100000454;2085;Lõpetatud;Chemical Medicinal Product;;Tablett;amlodipiinbesilaat;6.94mg;amlodipiin;5mg;amlodipiin;5mg;Suukaudne;;;;;LOC-100054619
527206;Valid;H;1241457;AMLODIGAMMA 5MG;5mg;Tablett;C08CA01;amlodipiin;100 Tablett;Retseptiravim;Woerwag Pharma GmbH & Co. KG;ORG-100000454;2085;Lõpetatud;Chemical Medicinal Product;;Tablett;amlodipiinbesilaat;6.94mg;amlodipiin;5mg;amlodipiin;5mg;Suukaudne;blister;High Density PolyEthylene;;;LOC-100054619
527206;Valid;H;1241468;AMLODIGAMMA 5MG;5mg;Tablett;C08CA01;amlodipiin;300 Tablett;Retseptiravim;Woerwag Pharma GmbH & Co. KG;ORG-100000454;2085;Lõpetatud;Chemical Medicinal Product;;Tablett;amlodipiinbesilaat;6.94mg;amlodipiin;5mg;amlodipiin;5mg;Suukaudne;blister;High Density PolyEthylene;;;LOC-100054619
527206;Valid;H;1241435;AMLODIGAMMA 5MG;5mg;Tablett;C08CA01;amlodipiin;50 Tablett;Retseptiravim;Woerwag Pharma GmbH & Co. KG;ORG-100000454;2085;Lõpetatud;Chemical Medicinal Product;;Tablett;amlodipiinbesilaat;6.94mg;amlodipiin;5mg;amlodipiin;5mg;Suukaudne;;;;;LOC-100054619
527206;Valid;H;1241446;AMLODIGAMMA 5MG;5mg;Tablett;C08CA01;amlodipiin;98 Tablett;Retseptiravim;Woerwag Pharma GmbH & Co. KG;ORG-100000454;2085;Lõpetatud;Chemical Medicinal Product;;Tablett;amlodipiinbesilaat;6.94mg;amlodipiin;5mg;amlodipiin;5mg;Suukaudne;;;;;LOC-100054619
527206;Valid;H;1241479;AMLODIGAMMA 5MG;5mg;Tablett;C08CA01;amlodipiin;500 Tablett;Retseptiravim;Woerwag Pharma GmbH & Co. KG;ORG-100000454;2085;Lõpetatud;Chemical Medicinal Product;;Tablett;amlodipiinbesilaat;6.94mg;amlodipiin;5mg;amlodipiin;5mg;Suukaudne;blister;High Density PolyEthylene;;;LOC-100054619
537307;Valid;H;1251885;AMLODIPIN-RATIOPHARM 5 MG;5mg;Tablett;C08CA01;amlodipiin;200 Tablett;Retseptiravim;Ratiopharm GmbH;ORG-100001437;2153;Lõpetatud;Chemical Medicinal Product;;Tablett;amlodipiinbesilaat;6.94mg;amlodipiin;5mg;amlodipiin;5mg;Suukaudne;blister;PolyVinyl Chloride, PolyVinylidene Chloride, Aluminium;;;LOC-100006906
537307;Valid;H;1251896;AMLODIPIN-RATIOPHARM 5 MG;5mg;Tablett;C08CA01;amlodipiin;250 Tablett;Retseptiravim;Ratiopharm GmbH;ORG-100001437;2153;Lõpetatud;Chemical Medicinal Product;;Tablett;amlodipiinbesilaat;6.94mg;amlodipiin;5mg;amlodipiin;5mg;Suukaudne;blister;PolyVinyl Chloride, PolyVinylidene Chloride, Aluminium, High Density PolyEthylene;;;LOC-100006906
537307;Valid;H;1251773;AMLODIPIN-RATIOPHARM 5 MG;5mg;Tablett;C08CA01;amlodipiin;10 Tablett;Retseptiravim;Ratiopharm GmbH;ORG-100001437;2153;Lõpetatud;Chemical Medicinal Product;;Tablett;amlodipiinbesilaat;6.94mg;amlodipiin;5mg;amlodipiin;5mg;Suukaudne;blister;PolyVinylidene Chloride, PolyVinyl Chloride, Aluminium;;;LOC-100006906
537307;Valid;H;1251784;AMLODIPIN-RATIOPHARM 5 MG;5mg;Tablett;C08CA01;amlodipiin;14 Tablett;Retseptiravim;Ratiopharm GmbH;ORG-100001437;2153;Lõpetatud;Chemical Medicinal Product;;Tablett;amlodipiinbesilaat;6.94mg;amlodipiin;5mg;amlodipiin;5mg;Suukaudne;blister;Aluminium, PolyVinylidene Chloride, PolyVinyl Chloride;;;LOC-100006906
537307;Valid;H;1251830;AMLODIPIN-RATIOPHARM 5 MG;5mg;Tablett;C08CA01;amlodipiin;56 Tablett;Retseptiravim;Ratiopharm GmbH;ORG-100001437;2153;Lõpetatud;Chemical Medicinal Product;;Tablett;amlodipiinbesilaat;6.94mg;amlodipiin;5mg;amlodipiin;5mg;Suukaudne;blister;PolyVinyl Chloride, Aluminium, PolyVinylidene Chloride;;;LOC-100006906
537307;Valid;H;1109753;AMLODIPIN-RATIOPHARM 5 MG;5mg;Tablett;C08CA01;amlodipiin;20 Tablett;Retseptiravim;Ratiopharm GmbH;ORG-100001437;2153;Lõpetatud;Chemical Medicinal Product;;Tablett;amlodipiinbesilaat;6.94mg;amlodipiin;5mg;amlodipiin;5mg;Suukaudne;blister;Aluminium, PolyVinylidene Chloride, PolyVinyl Chloride;;;LOC-100006906
537307;Valid;H;1251841;AMLODIPIN-RATIOPHARM 5 MG;5mg;Tablett;C08CA01;amlodipiin;60 Tablett;Retseptiravim;Ratiopharm GmbH;ORG-100001437;2153;Lõpetatud;Chemical Medicinal Product;;Tablett;amlodipiinbesilaat;6.94mg;amlodipiin;5mg;amlodipiin;5mg;Suukaudne;blister;Aluminium, PolyVinylidene Chloride, PolyVinyl Chloride;;;LOC-100006906
537307;Valid;H;1251852;AMLODIPIN-RATIOPHARM 5 MG;5mg;Tablett;C08CA01;amlodipiin;90 Tablett;Retseptiravim;Ratiopharm GmbH;ORG-100001437;2153;Lõpetatud;Chemical Medicinal Product;;Tablett;amlodipiinbesilaat;6.94mg;amlodipiin;5mg;amlodipiin;5mg;Suukaudne;blister;Aluminium, PolyVinyl Chloride, PolyVinylidene Chloride;;;LOC-100006906
537307;Valid;H;1109809;AMLODIPIN-RATIOPHARM 5 MG;5mg;Tablett;C08CA01;amlodipiin;100 Tablett;Retseptiravim;Ratiopharm GmbH;ORG-100001437;2153;Lõpetatud;Chemical Medicinal Product;;Tablett;amlodipiinbesilaat;6.94mg;amlodipiin;5mg;amlodipiin;5mg;Suukaudne;blister;PolyVinyl Chloride, Aluminium, High Density PolyEthylene, PolyVinylidene Chloride;;;LOC-100006906
537307;Valid;H;1109786;AMLODIPIN-RATIOPHARM 5 MG;5mg;Tablett;C08CA01;amlodipiin;50 Tablett;Retseptiravim;Ratiopharm GmbH;ORG-100001437;2153;Lõpetatud;Chemical Medicinal Product;;Tablett;amlodipiinbesilaat;6.94mg;amlodipiin;5mg;amlodipiin;5mg;Suukaudne;blister;PolyVinylidene Chloride, Aluminium, PolyVinyl Chloride;;;LOC-100006906
537307;Valid;H;1109797;AMLODIPIN-RATIOPHARM 5 MG;5mg;Tablett;C08CA01;amlodipiin;98 Tablett;Retseptiravim;Ratiopharm GmbH;ORG-100001437;2153;Lõpetatud;Chemical Medicinal Product;;Tablett;amlodipiinbesilaat;6.94mg;amlodipiin;5mg;amlodipiin;5mg;Suukaudne;blister;PolyVinylidene Chloride, PolyVinyl Chloride, Aluminium;;;LOC-100006906
537307;Valid;H;1109764;AMLODIPIN-RATIOPHARM 5 MG;5mg;Tablett;C08CA01;amlodipiin;28 Tablett;Retseptiravim;Ratiopharm GmbH;ORG-100001437;2153;Lõpetatud;Chemical Medicinal Product;;Tablett;amlodipiinbesilaat;6.94mg;amlodipiin;5mg;amlodipiin;5mg;Suukaudne;blister;PolyVinylidene Chloride, PolyVinyl Chloride, Aluminium;;;LOC-100006906
537307;Valid;H;1109775;AMLODIPIN-RATIOPHARM 5 MG;5mg;Tablett;C08CA01;amlodipiin;30 Tablett;Retseptiravim;Ratiopharm GmbH;ORG-100001437;2153;Lõpetatud;Chemical Medicinal Product;;Tablett;amlodipiinbesilaat;6.94mg;amlodipiin;5mg;amlodipiin;5mg;Suukaudne;blister;Aluminium, PolyVinylidene Chloride, PolyVinyl Chloride;;;LOC-100006906
567307;Valid;H;1295737;AMLODIPINE MEDOCHEMIE;5mg;Tablett;C08CA01;amlodipiin;30 Tablett;Retseptiravim;Medochemie Limited;MO11501;2393;Lõpetatud;Chemical Medicinal Product;;Tablett;amlodipiinbesilaat;6.94mg;amlodipiin;5mg;amlodipiin;5mg;Suukaudne;blister;PolyVinyl Chloride, PolyEthylene, PolyVinylidene Chloride, Aluminium;;;ML11502
744511;Valid;H;1445284;AMLODIPINE VITABALANS;5mg;Tablett;C08CA01;amlodipiin;30 Tablett;Retseptiravim;Vitabalans Oy;MO193;3286;Lõpetatud;Chemical Medicinal Product;;Tablett;amlodipiinbesilaat;6.94mg;amlodipiin;5mg;amlodipiin;5mg;Suukaudne;blister;PolyVinylidene Chloride, Aluminium, PolyVinyl Chloride;;;ML194
744511;Valid;H;1445307;AMLODIPINE VITABALANS;5mg;Tablett;C08CA01;amlodipiin;100 Tablett;Retseptiravim;Vitabalans Oy;MO193;3286;Lõpetatud;Chemical Medicinal Product;;Tablett;amlodipiinbesilaat;6.94mg;amlodipiin;5mg;amlodipiin;5mg;Suukaudne;blister;PolyVinylidene Chloride, PolyVinyl Chloride, Aluminium;;;ML194
744511;Valid;H;1865707;AMLODIPINE VITABALANS;5mg;Tablett;C08CA01;amlodipiin;90 Tablett;Retseptiravim;Vitabalans Oy;MO193;3286;Lõpetatud;Chemical Medicinal Product;;Tablett;amlodipiinbesilaat;6.94mg;amlodipiin;5mg;amlodipiin;5mg;Suukaudne;blister;PolyVinylidene Chloride, Aluminium, PolyVinyl Chloride;;;ML194
744511;Valid;H;1445295;AMLODIPINE VITABALANS;5mg;Tablett;C08CA01;amlodipiin;60 Tablett;Retseptiravim;Vitabalans Oy;MO193;3286;Lõpetatud;Chemical Medicinal Product;;Tablett;amlodipiinbesilaat;6.94mg;amlodipiin;5mg;amlodipiin;5mg;Suukaudne;blister;PolyVinylidene Chloride, Aluminium, PolyVinyl Chloride;;;ML194
942317;Valid;H;1738515;NORVASC;5mg;Tablett;C08CA01;amlodipiin;14 Tablett;Retseptiravim;First Pharma OÜ;ORG-100009587;6159;Lõpetatud;Chemical Medicinal Product;;Tablett;amlodipiinbesilaat;6.94mg;amlodipiin;5mg;amlodipiin;5mg;Suukaudne;blister;Aluminium, PolyVinylidene Chloride, PolyVinyl Chloride;;;LOC-100055675
942317;Valid;H;1738548;NORVASC;5mg;Tablett;C08CA01;amlodipiin;50 Tablett;Retseptiravim;First Pharma OÜ;ORG-100009587;6159;Lõpetatud;Chemical Medicinal Product;;Tablett;amlodipiinbesilaat;6.94mg;amlodipiin;5mg;amlodipiin;5mg;Suukaudne;blister;PolyVinylidene Chloride, PolyVinyl Chloride, Aluminium;;;LOC-100055675
176297;Valid;H;1553644;NORVASC;5mg;Tablett;C08CA01;amlodipiin;98 Tablett;Retseptiravim;Upjohn EESV;ORG-100023206;240;Lõpetatud;Chemical Medicinal Product;;Tablett;amlodipiinbesilaat;6.94mg;amlodipiin;5mg;amlodipiin;5mg;Suukaudne;blister;PolyVinyl Chloride, PolyVinylidene Chloride, Aluminium;;;LOC-100032008
942317;Valid;H;1738481;NORVASC;5mg;Tablett;C08CA01;amlodipiin;30 Tablett;Retseptiravim;First Pharma OÜ;ORG-100009587;6159;Lõpetatud;Chemical Medicinal Product;;Tablett;amlodipiinbesilaat;6.94mg;amlodipiin;5mg;amlodipiin;5mg;Suukaudne;blister;Aluminium, PolyVinylidene Chloride, PolyVinyl Chloride;;;LOC-100055675
942317;Valid;H;1738504;NORVASC;5mg;Tablett;C08CA01;amlodipiin;10 Tablett;Retseptiravim;First Pharma OÜ;ORG-100009587;6159;Lõpetatud;Chemical Medicinal Product;;Tablett;amlodipiinbesilaat;6.94mg;amlodipiin;5mg;amlodipiin;5mg;Suukaudne;blister;Aluminium, PolyVinylidene Chloride, PolyVinyl Chloride;;;LOC-100055675
942317;Valid;H;1738492;NORVASC;5mg;Tablett;C08CA01;amlodipiin;4 Tablett;Retseptiravim;First Pharma OÜ;ORG-100009587;6159;Lõpetatud;Chemical Medicinal Product;;Tablett;amlodipiinbesilaat;6.94mg;amlodipiin;5mg;amlodipiin;5mg;Suukaudne;blister;Aluminium, PolyVinyl Chloride, PolyVinylidene Chloride;;;LOC-100055675
942317;Valid;H;1738526;NORVASC;5mg;Tablett;C08CA01;amlodipiin;20 Tablett;Retseptiravim;First Pharma OÜ;ORG-100009587;6159;Lõpetatud;Chemical Medicinal Product;;Tablett;amlodipiinbesilaat;6.94mg;amlodipiin;5mg;amlodipiin;5mg;Suukaudne;blister;PolyVinyl Chloride, Aluminium, PolyVinylidene Chloride;;;LOC-100055675
176297;Valid;H;1018538;NORVASC;5mg;Tablett;C08CA01;amlodipiin;30 Tablett;Retseptiravim;Upjohn EESV;ORG-100023206;240;Lõpetatud;Chemical Medicinal Product;;Tablett;amlodipiinbesilaat;6.94mg;amlodipiin;5mg;amlodipiin;5mg;Suukaudne;blister;PolyVinylidene Chloride, PolyVinyl Chloride, Aluminium;;;LOC-100032008
942317;Valid;H;1738537;NORVASC;5mg;Tablett;C08CA01;amlodipiin;28 Tablett;Retseptiravim;First Pharma OÜ;ORG-100009587;6159;Lõpetatud;Chemical Medicinal Product;;Tablett;amlodipiinbesilaat;6.94mg;amlodipiin;5mg;amlodipiin;5mg;Suukaudne;blister;Aluminium, PolyVinyl Chloride, PolyVinylidene Chloride;;;LOC-100055675
942317;Valid;H;1738559;NORVASC;5mg;Tablett;C08CA01;amlodipiin;60 Tablett;Retseptiravim;First Pharma OÜ;ORG-100009587;6159;Lõpetatud;Chemical Medicinal Product;;Tablett;amlodipiinbesilaat;6.94mg;amlodipiin;5mg;amlodipiin;5mg;Suukaudne;blister;PolyVinylidene Chloride, PolyVinyl Chloride, Aluminium;;;LOC-100055675
942317;Valid;H;1738560;NORVASC;5mg;Tablett;C08CA01;amlodipiin;98 Tablett;Retseptiravim;First Pharma OÜ;ORG-100009587;6159;Lõpetatud;Chemical Medicinal Product;;Tablett;amlodipiinbesilaat;6.94mg;amlodipiin;5mg;amlodipiin;5mg;Suukaudne;blister;Aluminium, PolyVinylidene Chloride, PolyVinyl Chloride;;;LOC-100055675
942317;Valid;H;1738593;NORVASC;5mg;Tablett;C08CA01;amlodipiin;500 Tablett;Retseptiravim;First Pharma OÜ;ORG-100009587;6159;Lõpetatud;Chemical Medicinal Product;;Tablett;amlodipiinbesilaat;6.94mg;amlodipiin;5mg;amlodipiin;5mg;Suukaudne;blister;PolyVinyl Chloride, Aluminium, PolyVinylidene Chloride;;;LOC-100055675
942317;Valid;H;1738571;NORVASC;5mg;Tablett;C08CA01;amlodipiin;100 Tablett;Retseptiravim;First Pharma OÜ;ORG-100009587;6159;Lõpetatud;Chemical Medicinal Product;;Tablett;amlodipiinbesilaat;6.94mg;amlodipiin;5mg;amlodipiin;5mg;Suukaudne;blister;PolyVinylidene Chloride, PolyVinyl Chloride, Aluminium;;;LOC-100055675
942317;Valid;H;1738582;NORVASC;5mg;Tablett;C08CA01;amlodipiin;300 Tablett;Retseptiravim;First Pharma OÜ;ORG-100009587;6159;Lõpetatud;Chemical Medicinal Product;;Tablett;amlodipiinbesilaat;6.94mg;amlodipiin;5mg;amlodipiin;5mg;Suukaudne;blister;Aluminium, PolyVinyl Chloride, PolyVinylidene Chloride;;;LOC-100055675
1017220;Valid;H;1830585;NORVASC;5mg;Tablett;C08CA01;amlodipiin;30 Tablett;Retseptiravim;Ideal Trade Links UAB;ORG-100010645;7863;Lõpetatud;Chemical Medicinal Product;;Tablett;amlodipiinbesilaat;6.94mg;amlodipiin;5mg;amlodipiin;5mg;Suukaudne;blister;PolyVinylidene Chloride, PolyVinyl Chloride, Aluminium;;;LOC-100044049
176297;Valid;H;1553622;NORVASC;5mg;Tablett;C08CA01;amlodipiin;50 Tablett;Retseptiravim;Upjohn EESV;ORG-100023206;240;Lõpetatud;Chemical Medicinal Product;;Tablett;amlodipiinbesilaat;6.94mg;amlodipiin;5mg;amlodipiin;5mg;Suukaudne;blister;PolyVinylidene Chloride, PolyVinyl Chloride, Aluminium;;;LOC-100032008
176297;Valid;H;1553633;NORVASC;5mg;Tablett;C08CA01;amlodipiin;60 Tablett;Retseptiravim;Upjohn EESV;ORG-100023206;240;Lõpetatud;Chemical Medicinal Product;;Tablett;amlodipiinbesilaat;6.94mg;amlodipiin;5mg;amlodipiin;5mg;Suukaudne;blister;Aluminium, PolyVinylidene Chloride, PolyVinyl Chloride;;;LOC-100032008
176297;Valid;H;1553655;NORVASC;5mg;Tablett;C08CA01;amlodipiin;100 Tablett;Retseptiravim;Upjohn EESV;ORG-100023206;240;Lõpetatud;Chemical Medicinal Product;;Tablett;amlodipiinbesilaat;6.94mg;amlodipiin;5mg;amlodipiin;5mg;Suukaudne;blister;PolyVinylidene Chloride, Aluminium, PolyVinyl Chloride;;;LOC-100032008
176297;Valid;H;1553666;NORVASC;5mg;Tablett;C08CA01;amlodipiin;300 Tablett;Retseptiravim;Upjohn EESV;ORG-100023206;240;Lõpetatud;Chemical Medicinal Product;;Tablett;amlodipiinbesilaat;6.94mg;amlodipiin;5mg;amlodipiin;5mg;Suukaudne;blister;PolyVinyl Chloride, Aluminium, PolyVinylidene Chloride;;;LOC-100032008
176297;Valid;H;1553677;NORVASC;5mg;Tablett;C08CA01;amlodipiin;500 Tablett;Retseptiravim;Upjohn EESV;ORG-100023206;240;Lõpetatud;Chemical Medicinal Product;;Tablett;amlodipiinbesilaat;6.94mg;amlodipiin;5mg;amlodipiin;5mg;Suukaudne;blister;PolyVinylidene Chloride, PolyVinyl Chloride, Aluminium;;;LOC-100032008
176297;Valid;H;1553598;NORVASC;5mg;Tablett;C08CA01;amlodipiin;14 Tablett;Retseptiravim;Upjohn EESV;ORG-100023206;240;Lõpetatud;Chemical Medicinal Product;;Tablett;amlodipiinbesilaat;6.94mg;amlodipiin;5mg;amlodipiin;5mg;Suukaudne;blister;Aluminium, PolyVinyl Chloride, PolyVinylidene Chloride;;;LOC-100032008
176297;Valid;H;1553600;NORVASC;5mg;Tablett;C08CA01;amlodipiin;20 Tablett;Retseptiravim;Upjohn EESV;ORG-100023206;240;Lõpetatud;Chemical Medicinal Product;;Tablett;amlodipiinbesilaat;6.94mg;amlodipiin;5mg;amlodipiin;5mg;Suukaudne;blister;PolyVinyl Chloride, PolyVinylidene Chloride, Aluminium;;;LOC-100032008
176297;Valid;H;1553611;NORVASC;5mg;Tablett;C08CA01;amlodipiin;28 Tablett;Retseptiravim;Upjohn EESV;ORG-100023206;240;Lõpetatud;Chemical Medicinal Product;;Tablett;amlodipiinbesilaat;6.94mg;amlodipiin;5mg;amlodipiin;5mg;Suukaudne;blister;Aluminium, PolyVinyl Chloride, PolyVinylidene Chloride;;;LOC-100032008
176297;Valid;H;1553576;NORVASC;5mg;Tablett;C08CA01;amlodipiin;4 Tablett;Retseptiravim;Upjohn EESV;ORG-100023206;240;Lõpetatud;Chemical Medicinal Product;;Tablett;amlodipiinbesilaat;6.94mg;amlodipiin;5mg;amlodipiin;5mg;Suukaudne;blister;Aluminium, PolyVinylidene Chloride, PolyVinyl Chloride;;;LOC-100032008
176297;Valid;H;1553587;NORVASC;5mg;Tablett;C08CA01;amlodipiin;10 Tablett;Retseptiravim;Upjohn EESV;ORG-100023206;240;Lõpetatud;Chemical Medicinal Product;;Tablett;amlodipiinbesilaat;6.94mg;amlodipiin;5mg;amlodipiin;5mg;Suukaudne;blister;PolyVinyl Chloride, Aluminium, PolyVinylidene Chloride;;;LOC-100032008